{
  "dev": {
    "awscloudformation": {
      "AuthRoleName": "amplify-awsdemo-dev-114552-authRole",
      "UnauthRoleArn": "arn:aws:iam::246254927423:role/amplify-awsdemo-dev-114552-unauthRole",
      "AuthRoleArn": "arn:aws:iam::246254927423:role/amplify-awsdemo-dev-114552-authRole",
      "Region": "us-east-1",
      "DeploymentBucketName": "amplify-awsdemo-dev-114552-deployment",
      "UnauthRoleName": "amplify-awsdemo-dev-114552-unauthRole",
      "StackName": "amplify-awsdemo-dev-114552",
      "StackId": "arn:aws:cloudformation:us-east-1:246254927423:stack/amplify-awsdemo-dev-114552/5f42c0c0-fe6e-11eb-8cc6-0e383a91f9a1",
      "AmplifyAppId": "d33mcccq8rj43g"
    }
  }
}