{
    "UserAgent": "aws-amplify-cli/2.0",
    "Version": "1.0",
    "api": {
        "plugins": {
            "awsAPIPlugin": {
                "amplifyDatasource": {
                    "endpointType": "GraphQL",
                    "endpoint": "https://qvxcelac5ffjxfumnipnrgauqi.appsync-api.us-east-1.amazonaws.com/graphql",
                    "region": "us-east-1",
                    "authorizationType": "API_KEY",
                    "apiKey": "da2-twljgusbqvha5imudedlap2a3a"
                }
            }
        }
    }
}