{
  "providers": {
    "awscloudformation": {
      "AuthRoleName": "amplify-awsdemo-dev-114552-authRole",
      "UnauthRoleArn": "arn:aws:iam::246254927423:role/amplify-awsdemo-dev-114552-unauthRole",
      "AuthRoleArn": "arn:aws:iam::246254927423:role/amplify-awsdemo-dev-114552-authRole",
      "Region": "us-east-1",
      "DeploymentBucketName": "amplify-awsdemo-dev-114552-deployment",
      "UnauthRoleName": "amplify-awsdemo-dev-114552-unauthRole",
      "StackName": "amplify-awsdemo-dev-114552",
      "StackId": "arn:aws:cloudformation:us-east-1:246254927423:stack/amplify-awsdemo-dev-114552/5f42c0c0-fe6e-11eb-8cc6-0e383a91f9a1",
      "AmplifyAppId": "d33mcccq8rj43g"
    }
  },
  "api": {
    "amplifyDatasource": {
      "service": "AppSync",
      "providerPlugin": "awscloudformation",
      "output": {
        "authConfig": {
          "additionalAuthenticationProviders": [],
          "defaultAuthentication": {
            "authenticationType": "API_KEY",
            "apiKeyConfig": {
              "apiKeyExpirationDays": 3,
              "description": "demoKey"
            }
          }
        },
        "GraphQLAPIIdOutput": "iuzoomiyx5etla32q2pdbakwia",
        "GraphQLAPIEndpointOutput": "https://qvxcelac5ffjxfumnipnrgauqi.appsync-api.us-east-1.amazonaws.com/graphql",
        "GraphQLAPIKeyOutput": "da2-twljgusbqvha5imudedlap2a3a"
      },
      "lastPushTimeStamp": "2021-08-16T09:07:25.894Z",
      "providerMetadata": {
        "s3TemplateURL": "https://s3.amazonaws.com/amplify-awsdemo-dev-114552-deployment/amplify-cfn-templates/api/cloudformation-template.json",
        "logicalId": "apiamplifyDatasource"
      },
      "lastPushDirHash": "HHknkymOQoGOZYnaeMHV0t4Eo+w="
    }
  }
}